Service,Name,Father Name,Mother Name,Nationality,Date of Birth,Number of Child,Religion,Village,Profession,NID,Holding No,Word No,House Type,Tax amount,Tax Year,Gender,yearly Income,Mobile No,District,Upazilla,Post Office,Business Name,Business Type,Union Name,Comment
6,Mohammad Wasim,Mohammad Kalim,Roksana KHatun,,12-45-1990,2,Islam,Mirpur,Engineers,21015,2,2,1,200,1,Male,2000000,1922002381,,Mirpur,Mirpur,softXmagic,IT,Test,Test
7,Mohammad Wasim,Mohammad Kalim,Roksana KHatun,,12-45-1991,3,Islam,Mirpur,Engineers,21015,2,2,1,200,1,Male,2000000,1922002381,,Mirpur,Mirpur,softXmagic,IT,Test,Test
8,Mohammad Wasim,Mohammad Kalim,Roksana KHatun,,12-45-1992,4,Islam,Mirpur,Engineers,21015,2,2,1,200,1,Male,2000000,1922002381,,Mirpur,Mirpur,softXmagic,IT,Test,Test
9,Mohammad Wasim,Mohammad Kalim,Roksana KHatun,,12-45-1993,5,Islam,Mirpur,Engineers,21015,2,2,1,200,1,Male,2000000,1922002381,,Mirpur,Mirpur,softXmagic,IT,Test,Test
10,Mohammad Wasim,Mohammad Kalim,Roksana KHatun,,12-45-1994,6,Islam,Mirpur,Engineers,21015,2,2,1,200,1,Male,2000000,1922002381,,Mirpur,Mirpur,softXmagic,IT,Test,Test
11,Mohammad Wasim,Mohammad Kalim,Roksana KHatun,,12-45-1995,7,Islam,Mirpur,Engineers,21015,2,2,1,200,1,Male,2000000,1922002381,,Mirpur,Mirpur,softXmagic,IT,Test,Test
12,Mohammad Wasim,Mohammad Kalim,Roksana KHatun,,12-45-1996,8,Islam,Mirpur,Engineers,21015,2,2,1,200,1,Male,2000000,1922002381,,Mirpur,Mirpur,softXmagic,IT,Test,Test
13,Mohammad Wasim,Mohammad Kalim,Roksana KHatun,,12-45-1997,9,Islam,Mirpur,Engineers,21015,2,2,1,200,1,Male,2000000,1922002381,,Mirpur,Mirpur,softXmagic,IT,Test,Test
14,Mohammad Wasim,Mohammad Kalim,Roksana KHatun,,12-45-1998,10,Islam,Mirpur,Engineers,21015,2,2,1,200,1,Male,2000000,1922002381,,Mirpur,Mirpur,softXmagic,IT,Test,Test
15,Mohammad Wasim,Mohammad Kalim,Roksana KHatun,,12-45-1999,11,Islam,Mirpur,Engineers,21015,2,2,1,200,1,Male,2000000,1922002381,,Mirpur,Mirpur,softXmagic,IT,Test,Test
16,Mohammad Wasim,Mohammad Kalim,Roksana KHatun,,12-45-2000,12,Islam,Mirpur,Engineers,21015,2,2,1,200,1,Male,2000000,1922002381,,Mirpur,Mirpur,softXmagic,IT,Test,Test
17,Mohammad Wasim,Mohammad Kalim,Roksana KHatun,,12-45-2001,13,Islam,Mirpur,Engineers,21015,2,2,1,200,1,Male,2000000,1922002381,,Mirpur,Mirpur,softXmagic,IT,Test,Test